Metric,Active Strategy,Passive Strategy
P&L,422080.5637375079,12072880.64
Total Return,0.4220805637375079,12.072880640000001
Annualized Return,0.024608735948868254,0.010252758187534017
Sharpe Ratio,0.27425622535670796,0.06139638645883237
Calmar Ratio,0.04383047498912478,13.005890725953059
Max Drawdown,-0.561452641226776,-0.9282625
Win-Loss Ratio,1.1522668947818648,1.157216494845361
