Metric,Active Strategy,Passive Strategy
P&L,5940335.5085249925,12072880.64
Total Return,5.940335508524993,12.072880640000001
Annualized Return,0.14311475201475243,0.010252758187534017
Sharpe Ratio,0.4374295167646874,0.9499181000909784
Calmar Ratio,0.25490084382192274,13.005890725953059
Max Drawdown,-0.561452641226776,-0.9282625
Win-Loss Ratio,1.1522668947818648,1.157216494845361
