Metric,Active Strategy,Passive Strategy
P&L,67759.18329999433,12072880.64
Total Return,0.06775918329999434,12.072880640000001
Annualized Return,0.006577762207928606,0.010252758187534017
Sharpe Ratio,0.02010489696904647,0.9499181000909784
Calmar Ratio,0.011715613615346385,13.005890725953059
Max Drawdown,-0.561452641226776,-0.9282625
Win-Loss Ratio,1.1522668947818648,1.157216494845361
